home_team,away_team,home_score,away_score,Round,Year,result
Argentina,France,3,3,Final,2022,1
Croatia,Morocco,2,1,Third-place match,2022,2
France,Morocco,2,0,Semi-finals,2022,2
Argentina,Croatia,3,0,Semi-finals,2022,2
Morocco,Portugal,1,0,Quarter-finals,2022,2
England,France,1,2,Quarter-finals,2022,0
Croatia,Brazil,1,1,Quarter-finals,2022,1
Netherlands,Argentina,2,2,Quarter-finals,2022,1
Morocco,Spain,0,0,Round of 16,2022,1
Portugal,Switzerland,6,1,Round of 16,2022,2
Japan,Croatia,1,1,Round of 16,2022,1
Brazil,Korea Republic,4,1,Round of 16,2022,2
France,Poland,3,1,Round of 16,2022,2
England,Senegal,3,0,Round of 16,2022,2
Netherlands,United States,3,1,Round of 16,2022,2
Argentina,Australia,2,1,Round of 16,2022,2
Korea Republic,Portugal,2,1,Group stage,2022,2
Ghana,Uruguay,0,2,Group stage,2022,0
Cameroon,Brazil,1,0,Group stage,2022,2
Serbia,Switzerland,2,3,Group stage,2022,0
Canada,Morocco,1,2,Group stage,2022,0
Croatia,Belgium,0,0,Group stage,2022,1
Costa Rica,Germany,2,4,Group stage,2022,0
Japan,Spain,2,1,Group stage,2022,2
Australia,Denmark,1,0,Group stage,2022,2
Tunisia,France,1,0,Group stage,2022,2
Saudi Arabia,Mexico,1,2,Group stage,2022,0
Poland,Argentina,0,2,Group stage,2022,0
Ecuador,Senegal,1,2,Group stage,2022,0
Netherlands,Qatar,2,0,Group stage,2022,2
IR Iran,United States,0,1,Group stage,2022,0
Wales,England,0,3,Group stage,2022,0
Cameroon,Serbia,3,3,Group stage,2022,1
Korea Republic,Ghana,2,3,Group stage,2022,0
Brazil,Switzerland,1,0,Group stage,2022,2
Portugal,Uruguay,2,0,Group stage,2022,2
Japan,Costa Rica,0,1,Group stage,2022,0
Belgium,Morocco,0,2,Group stage,2022,0
Croatia,Canada,4,1,Group stage,2022,2
Spain,Germany,1,1,Group stage,2022,1
Tunisia,Australia,0,1,Group stage,2022,0
Poland,Saudi Arabia,2,0,Group stage,2022,2
France,Denmark,2,1,Group stage,2022,2
Argentina,Mexico,2,0,Group stage,2022,2
Wales,IR Iran,0,2,Group stage,2022,0
Qatar,Senegal,1,3,Group stage,2022,0
Netherlands,Ecuador,1,1,Group stage,2022,1
England,United States,0,0,Group stage,2022,1
Switzerland,Cameroon,1,0,Group stage,2022,2
Uruguay,Korea Republic,0,0,Group stage,2022,1
Portugal,Ghana,3,2,Group stage,2022,2
Brazil,Serbia,2,0,Group stage,2022,2
Morocco,Croatia,0,0,Group stage,2022,1
Germany,Japan,1,2,Group stage,2022,0
Spain,Costa Rica,7,0,Group stage,2022,2
Belgium,Canada,1,0,Group stage,2022,2
Argentina,Saudi Arabia,1,2,Group stage,2022,0
Denmark,Tunisia,0,0,Group stage,2022,1
Mexico,Poland,0,0,Group stage,2022,1
France,Australia,4,1,Group stage,2022,2
England,IR Iran,6,2,Group stage,2022,2
Senegal,Netherlands,0,2,Group stage,2022,0
United States,Wales,1,1,Group stage,2022,1
Qatar,Ecuador,0,2,Group stage,2022,0
France,Croatia,4,2,Final,2018,2
Belgium,England,2,0,Third-place match,2018,2
Croatia,England,2,1,Semi-finals,2018,2
France,Belgium,1,0,Semi-finals,2018,2
Sweden,England,0,2,Quarter-finals,2018,0
Russia,Croatia,2,2,Quarter-finals,2018,1
Uruguay,France,0,2,Quarter-finals,2018,0
Brazil,Belgium,1,2,Quarter-finals,2018,0
Sweden,Switzerland,1,0,Round of 16,2018,2
Colombia,England,1,1,Round of 16,2018,1
Brazil,Mexico,2,0,Round of 16,2018,2
Belgium,Japan,3,2,Round of 16,2018,2
Spain,Russia,1,1,Round of 16,2018,1
Croatia,Denmark,1,1,Round of 16,2018,1
France,Argentina,4,3,Round of 16,2018,2
Uruguay,Portugal,2,1,Round of 16,2018,2
Japan,Poland,0,1,Group stage,2018,0
Senegal,Colombia,0,1,Group stage,2018,0
England,Belgium,0,1,Group stage,2018,0
Panama,Tunisia,1,2,Group stage,2018,0
Korea Republic,Germany,2,0,Group stage,2018,2
Mexico,Sweden,0,3,Group stage,2018,0
Switzerland,Costa Rica,2,2,Group stage,2018,1
Serbia,Brazil,0,2,Group stage,2018,0
Australia,Peru,0,2,Group stage,2018,0
Denmark,France,0,0,Group stage,2018,1
Iceland,Croatia,1,2,Group stage,2018,0
Nigeria,Argentina,1,2,Group stage,2018,0
Saudi Arabia,Egypt,2,1,Group stage,2018,2
Uruguay,Russia,3,0,Group stage,2018,2
Spain,Morocco,2,2,Group stage,2018,1
IR Iran,Portugal,1,1,Group stage,2018,1
England,Panama,6,1,Group stage,2018,2
Japan,Senegal,2,2,Group stage,2018,1
Poland,Colombia,0,3,Group stage,2018,0
Belgium,Tunisia,5,2,Group stage,2018,2
Korea Republic,Mexico,1,2,Group stage,2018,0
Germany,Sweden,2,1,Group stage,2018,2
Brazil,Costa Rica,2,0,Group stage,2018,2
Nigeria,Iceland,2,0,Group stage,2018,2
Serbia,Switzerland,1,2,Group stage,2018,0
Denmark,Australia,1,1,Group stage,2018,1
France,Peru,1,0,Group stage,2018,2
Argentina,Croatia,0,3,Group stage,2018,0
Portugal,Morocco,1,0,Group stage,2018,2
Uruguay,Saudi Arabia,1,0,Group stage,2018,2
IR Iran,Spain,0,1,Group stage,2018,0
Colombia,Japan,1,2,Group stage,2018,0
Poland,Senegal,1,2,Group stage,2018,0
Russia,Egypt,3,1,Group stage,2018,2
Sweden,Korea Republic,1,0,Group stage,2018,2
Belgium,Panama,3,0,Group stage,2018,2
Tunisia,England,1,2,Group stage,2018,0
Costa Rica,Serbia,0,1,Group stage,2018,0
Germany,Mexico,0,1,Group stage,2018,0
Brazil,Switzerland,1,1,Group stage,2018,1
France,Australia,2,1,Group stage,2018,2
Argentina,Iceland,1,1,Group stage,2018,1
Peru,Denmark,0,1,Group stage,2018,0
Croatia,Nigeria,2,0,Group stage,2018,2
Egypt,Uruguay,0,1,Group stage,2018,0
Morocco,IR Iran,0,1,Group stage,2018,0
Portugal,Spain,3,3,Group stage,2018,1
Russia,Saudi Arabia,5,0,Group stage,2018,2
Germany,Argentina,1,0,Final,2014,2
Brazil,Netherlands,0,3,Third-place match,2014,0
Netherlands,Argentina,0,0,Semi-finals,2014,1
Brazil,Germany,1,7,Semi-finals,2014,0
Argentina,Belgium,1,0,Quarter-finals,2014,2
Netherlands,Costa Rica,0,0,Quarter-finals,2014,1
France,Germany,0,1,Quarter-finals,2014,0
Brazil,Colombia,2,1,Quarter-finals,2014,2
Argentina,Switzerland,1,0,Round of 16,2014,2
Belgium,United States,2,1,Round of 16,2014,2
France,Nigeria,2,0,Round of 16,2014,2
Germany,Algeria,2,1,Round of 16,2014,2
Netherlands,Mexico,2,1,Round of 16,2014,2
Costa Rica,Greece,1,1,Round of 16,2014,1
Brazil,Chile,1,1,Round of 16,2014,1
Colombia,Uruguay,2,0,Round of 16,2014,2
United States,Germany,0,1,Group stage,2014,0
Portugal,Ghana,2,1,Group stage,2014,2
Korea Republic,Belgium,0,1,Group stage,2014,0
Algeria,Russia,1,1,Group stage,2014,1
Bosnia and Herzegovina,IR Iran,3,1,Group stage,2014,2
Nigeria,Argentina,2,3,Group stage,2014,0
Honduras,Switzerland,0,3,Group stage,2014,0
Ecuador,France,0,0,Group stage,2014,1
Costa Rica,England,0,0,Group stage,2014,1
Italy,Uruguay,0,1,Group stage,2014,0
Japan,Colombia,1,4,Group stage,2014,0
Greece,Côte d'Ivoire,2,1,Group stage,2014,2
Australia,Spain,0,3,Group stage,2014,0
Netherlands,Chile,2,0,Group stage,2014,2
Croatia,Mexico,1,3,Group stage,2014,0
Cameroon,Brazil,1,4,Group stage,2014,0
Belgium,Russia,1,0,Group stage,2014,2
Korea Republic,Algeria,2,4,Group stage,2014,0
United States,Portugal,2,2,Group stage,2014,1
Argentina,IR Iran,1,0,Group stage,2014,2
Germany,Ghana,2,2,Group stage,2014,1
Nigeria,Bosnia and Herzegovina,1,0,Group stage,2014,2
Italy,Costa Rica,0,1,Group stage,2014,0
Switzerland,France,2,5,Group stage,2014,0
Honduras,Ecuador,1,2,Group stage,2014,0
Colombia,Côte d'Ivoire,2,1,Group stage,2014,2
Uruguay,England,2,1,Group stage,2014,2
Japan,Greece,0,0,Group stage,2014,1
Australia,Netherlands,2,3,Group stage,2014,0
Spain,Chile,0,2,Group stage,2014,0
Cameroon,Croatia,0,4,Group stage,2014,0
Belgium,Algeria,2,1,Group stage,2014,2
Brazil,Mexico,0,0,Group stage,2014,1
Russia,Korea Republic,1,1,Group stage,2014,1
Germany,Portugal,4,0,Group stage,2014,2
IR Iran,Nigeria,0,0,Group stage,2014,1
Ghana,United States,1,2,Group stage,2014,0
Switzerland,Ecuador,2,1,Group stage,2014,2
France,Honduras,3,0,Group stage,2014,2
Argentina,Bosnia and Herzegovina,2,1,Group stage,2014,2
Colombia,Greece,3,0,Group stage,2014,2
Uruguay,Costa Rica,1,3,Group stage,2014,0
England,Italy,1,2,Group stage,2014,0
Côte d'Ivoire,Japan,2,1,Group stage,2014,2
Mexico,Cameroon,1,0,Group stage,2014,2
Spain,Netherlands,1,5,Group stage,2014,0
Chile,Australia,3,1,Group stage,2014,2
Brazil,Croatia,3,1,Group stage,2014,2
Netherlands,Spain,0,1,Final,2010,0
Uruguay,Germany,2,3,Third-place match,2010,0
Germany,Spain,0,1,Semi-finals,2010,0
Uruguay,Netherlands,2,3,Semi-finals,2010,0
Argentina,Germany,0,4,Quarter-finals,2010,0
Paraguay,Spain,0,1,Quarter-finals,2010,0
Netherlands,Brazil,2,1,Quarter-finals,2010,2
Uruguay,Ghana,1,1,Quarter-finals,2010,1
Paraguay,Japan,0,0,Round of 16,2010,1
Spain,Portugal,1,0,Round of 16,2010,2
Netherlands,Slovakia,2,1,Round of 16,2010,2
Brazil,Chile,3,0,Round of 16,2010,2
Germany,England,4,1,Round of 16,2010,2
Argentina,Mexico,3,1,Round of 16,2010,2
Uruguay,Korea Republic,2,1,Round of 16,2010,2
United States,Ghana,1,2,Round of 16,2010,0
Portugal,Brazil,0,0,Group stage,2010,1
Korea DPR,Côte d'Ivoire,0,3,Group stage,2010,0
Chile,Spain,1,2,Group stage,2010,0
Switzerland,Honduras,0,0,Group stage,2010,1
Paraguay,New Zealand,0,0,Group stage,2010,1
Slovakia,Italy,3,2,Group stage,2010,2
Denmark,Japan,1,3,Group stage,2010,0
Cameroon,Netherlands,1,2,Group stage,2010,0
Slovenia,England,0,1,Group stage,2010,0
United States,Algeria,1,0,Group stage,2010,2
Ghana,Germany,0,1,Group stage,2010,0
Australia,Serbia,2,1,Group stage,2010,2
Mexico,Uruguay,0,1,Group stage,2010,0
France,South Africa,1,2,Group stage,2010,0
Nigeria,Korea Republic,2,2,Group stage,2010,1
Greece,Argentina,0,2,Group stage,2010,0
Portugal,Korea DPR,7,0,Group stage,2010,2
Chile,Switzerland,1,0,Group stage,2010,2
Spain,Honduras,2,0,Group stage,2010,2
Slovakia,Paraguay,0,2,Group stage,2010,0
Italy,New Zealand,1,1,Group stage,2010,1
Brazil,Côte d'Ivoire,3,1,Group stage,2010,2
Netherlands,Japan,1,0,Group stage,2010,2
Ghana,Australia,1,1,Group stage,2010,1
Cameroon,Denmark,1,2,Group stage,2010,0
Germany,Serbia,0,1,Group stage,2010,0
Slovenia,United States,2,2,Group stage,2010,1
England,Algeria,0,0,Group stage,2010,1
Argentina,Korea Republic,4,1,Group stage,2010,2
Greece,Nigeria,2,1,Group stage,2010,2
France,Mexico,0,2,Group stage,2010,0
Honduras,Chile,0,1,Group stage,2010,0
Spain,Switzerland,0,1,Group stage,2010,0
South Africa,Uruguay,0,3,Group stage,2010,0
New Zealand,Slovakia,1,1,Group stage,2010,1
Côte d'Ivoire,Portugal,0,0,Group stage,2010,1
Brazil,Korea DPR,2,1,Group stage,2010,2
Netherlands,Denmark,2,0,Group stage,2010,2
Japan,Cameroon,1,0,Group stage,2010,2
Italy,Paraguay,1,1,Group stage,2010,1
Algeria,Slovenia,0,1,Group stage,2010,0
Serbia,Ghana,0,1,Group stage,2010,0
Germany,Australia,4,0,Group stage,2010,2
Korea Republic,Greece,2,0,Group stage,2010,2
Argentina,Nigeria,1,0,Group stage,2010,2
England,United States,1,1,Group stage,2010,1
South Africa,Mexico,1,1,Group stage,2010,1
Uruguay,France,0,0,Group stage,2010,1
Italy,France,1,1,Final,2006,1
Germany,Portugal,3,1,Third-place match,2006,2
Portugal,France,0,1,Semi-finals,2006,0
Germany,Italy,0,2,Semi-finals,2006,0
England,Portugal,0,0,Quarter-finals,2006,1
Brazil,France,0,1,Quarter-finals,2006,0
Germany,Argentina,1,1,Quarter-finals,2006,1
Italy,Ukraine,3,0,Quarter-finals,2006,2
Brazil,Ghana,3,0,Round of 16,2006,2
Spain,France,1,3,Round of 16,2006,0
Italy,Australia,1,0,Round of 16,2006,2
Switzerland,Ukraine,0,0,Round of 16,2006,1
England,Ecuador,1,0,Round of 16,2006,2
Portugal,Netherlands,1,0,Round of 16,2006,2
Germany,Sweden,2,0,Round of 16,2006,2
Argentina,Mexico,2,1,Round of 16,2006,2
Saudi Arabia,Spain,0,1,Group stage,2006,0
Ukraine,Tunisia,1,0,Group stage,2006,2
Togo,France,0,2,Group stage,2006,0
Switzerland,Korea Republic,2,0,Group stage,2006,2
Ghana,United States,2,1,Group stage,2006,2
Czech Republic,Italy,0,2,Group stage,2006,0
Japan,Brazil,1,4,Group stage,2006,0
Croatia,Australia,2,2,Group stage,2006,1
Portugal,Mexico,2,1,Group stage,2006,2
IR Iran,Angola,1,1,Group stage,2006,1
Côte d'Ivoire,Serbia and Montenegro,3,2,Group stage,2006,2
Netherlands,Argentina,0,0,Group stage,2006,1
Costa Rica,Poland,1,2,Group stage,2006,0
Ecuador,Germany,0,3,Group stage,2006,0
Paraguay,Trinidad and Tobago,2,0,Group stage,2006,2
Sweden,England,2,2,Group stage,2006,1
Togo,Switzerland,0,2,Group stage,2006,0
Saudi Arabia,Ukraine,0,4,Group stage,2006,0
Spain,Tunisia,3,1,Group stage,2006,2
Japan,Croatia,0,0,Group stage,2006,1
Brazil,Australia,2,0,Group stage,2006,2
France,Korea Republic,1,1,Group stage,2006,1
Portugal,IR Iran,2,0,Group stage,2006,2
Czech Republic,Ghana,0,2,Group stage,2006,0
Italy,United States,1,1,Group stage,2006,1
Argentina,Serbia and Montenegro,6,0,Group stage,2006,2
Netherlands,Côte d'Ivoire,2,1,Group stage,2006,2
Mexico,Angola,0,0,Group stage,2006,1
Ecuador,Costa Rica,3,0,Group stage,2006,2
England,Trinidad and Tobago,2,0,Group stage,2006,2
Sweden,Paraguay,1,0,Group stage,2006,2
Spain,Ukraine,4,0,Group stage,2006,2
Tunisia,Saudi Arabia,2,2,Group stage,2006,1
Germany,Poland,1,0,Group stage,2006,2
Korea Republic,Togo,2,1,Group stage,2006,2
France,Switzerland,0,0,Group stage,2006,1
Brazil,Croatia,1,0,Group stage,2006,2
Australia,Japan,3,1,Group stage,2006,2
United States,Czech Republic,0,3,Group stage,2006,0
Italy,Ghana,2,0,Group stage,2006,2
Serbia and Montenegro,Netherlands,0,1,Group stage,2006,0
Mexico,IR Iran,3,1,Group stage,2006,2
Angola,Portugal,0,1,Group stage,2006,0
England,Paraguay,1,0,Group stage,2006,2
Trinidad and Tobago,Sweden,0,0,Group stage,2006,1
Argentina,Côte d'Ivoire,2,1,Group stage,2006,2
Germany,Costa Rica,4,2,Group stage,2006,2
Poland,Ecuador,0,2,Group stage,2006,0
Germany,Brazil,0,2,Final,2002,0
Korea Republic,Türkiye,2,3,Third-place match,2002,0
Brazil,Türkiye,1,0,Semi-finals,2002,2
Germany,Korea Republic,1,0,Semi-finals,2002,2
Spain,Korea Republic,0,0,Quarter-finals,2002,1
Senegal,Türkiye,0,1,Quarter-finals,2002,0
England,Brazil,1,2,Quarter-finals,2002,0
Germany,United States,1,0,Quarter-finals,2002,2
Japan,Türkiye,0,1,Round of 16,2002,0
Korea Republic,Italy,2,1,Round of 16,2002,2
Mexico,United States,0,2,Round of 16,2002,0
Brazil,Belgium,2,0,Round of 16,2002,2
Sweden,Senegal,1,2,Round of 16,2002,0
Spain,Republic of Ireland,1,1,Round of 16,2002,1
Germany,Paraguay,1,0,Round of 16,2002,2
Denmark,England,0,3,Round of 16,2002,0
Tunisia,Japan,0,2,Group stage,2002,0
Belgium,Russia,3,2,Group stage,2002,2
Portugal,Korea Republic,0,1,Group stage,2002,0
Poland,United States,3,1,Group stage,2002,2
Costa Rica,Brazil,2,5,Group stage,2002,0
Türkiye,China PR,3,0,Group stage,2002,2
Mexico,Italy,1,1,Group stage,2002,1
Ecuador,Croatia,1,0,Group stage,2002,2
Sweden,Argentina,1,1,Group stage,2002,1
Nigeria,England,0,0,Group stage,2002,1
South Africa,Spain,2,3,Group stage,2002,0
Slovenia,Paraguay,1,3,Group stage,2002,0
Denmark,France,2,0,Group stage,2002,2
Senegal,Uruguay,3,3,Group stage,2002,1
Saudi Arabia,Republic of Ireland,0,3,Group stage,2002,0
Cameroon,Germany,0,2,Group stage,2002,0
Korea Republic,United States,1,1,Group stage,2002,1
Tunisia,Belgium,1,1,Group stage,2002,1
Portugal,Poland,4,0,Group stage,2002,2
Mexico,Ecuador,2,1,Group stage,2002,2
Costa Rica,Türkiye,1,1,Group stage,2002,1
Japan,Russia,1,0,Group stage,2002,2
South Africa,Slovenia,1,0,Group stage,2002,2
Italy,Croatia,1,2,Group stage,2002,0
Brazil,China PR,4,0,Group stage,2002,2
Sweden,Nigeria,2,1,Group stage,2002,2
Spain,Paraguay,3,1,Group stage,2002,2
Argentina,England,0,1,Group stage,2002,0
Denmark,Senegal,1,1,Group stage,2002,1
Cameroon,Saudi Arabia,1,0,Group stage,2002,2
France,Uruguay,0,0,Group stage,2002,1
Russia,Tunisia,2,0,Group stage,2002,2
United States,Portugal,3,2,Group stage,2002,2
Germany,Republic of Ireland,1,1,Group stage,2002,1
China PR,Costa Rica,0,2,Group stage,2002,0
Japan,Belgium,2,2,Group stage,2002,1
Korea Republic,Poland,2,0,Group stage,2002,2
Croatia,Mexico,0,1,Group stage,2002,0
Brazil,Türkiye,2,1,Group stage,2002,2
Italy,Ecuador,2,0,Group stage,2002,2
Argentina,Nigeria,1,0,Group stage,2002,2
Paraguay,South Africa,2,2,Group stage,2002,1
England,Sweden,1,1,Group stage,2002,1
Spain,Slovenia,3,1,Group stage,2002,2
Republic of Ireland,Cameroon,1,1,Group stage,2002,1
Uruguay,Denmark,1,2,Group stage,2002,0
Germany,Saudi Arabia,8,0,Group stage,2002,2
France,Senegal,0,1,Group stage,2002,0
Brazil,France,0,3,Final,1998,0
Netherlands,Croatia,1,2,Third-place match,1998,0
France,Croatia,2,1,Semi-finals,1998,2
Brazil,Netherlands,1,1,Semi-finals,1998,1
Netherlands,Argentina,2,1,Quarter-finals,1998,2
Germany,Croatia,0,3,Quarter-finals,1998,0
Italy,France,0,0,Quarter-finals,1998,1
Brazil,Denmark,3,2,Quarter-finals,1998,2
Romania,Croatia,0,1,Round of 16,1998,0
Argentina,England,2,2,Round of 16,1998,1
Germany,Mexico,2,1,Round of 16,1998,2
Netherlands,FR Yugoslavia,2,1,Round of 16,1998,2
France,Paraguay,1,0,Round of 16,1998,2
Nigeria,Denmark,1,4,Round of 16,1998,0
Italy,Norway,1,0,Round of 16,1998,2
Brazil,Chile,4,1,Round of 16,1998,2
Argentina,Croatia,1,0,Group stage,1998,2
Japan,Jamaica,1,2,Group stage,1998,0
Romania,Tunisia,1,1,Group stage,1998,1
Colombia,England,0,2,Group stage,1998,0
Netherlands,Mexico,2,2,Group stage,1998,1
Belgium,Korea Republic,1,1,Group stage,1998,1
United States,FR Yugoslavia,0,1,Group stage,1998,0
Germany,IR Iran,2,0,Group stage,1998,2
South Africa,Saudi Arabia,2,2,Group stage,1998,1
France,Denmark,2,1,Group stage,1998,2
Spain,Bulgaria,6,1,Group stage,1998,2
Nigeria,Paraguay,1,3,Group stage,1998,0
Italy,Austria,2,1,Group stage,1998,2
Chile,Cameroon,1,1,Group stage,1998,1
Brazil,Norway,1,2,Group stage,1998,0
Scotland,Morocco,0,3,Group stage,1998,0
Colombia,Tunisia,1,0,Group stage,1998,2
Romania,England,2,1,Group stage,1998,2
Germany,FR Yugoslavia,2,2,Group stage,1998,1
Argentina,Jamaica,5,0,Group stage,1998,2
United States,IR Iran,1,2,Group stage,1998,0
Japan,Croatia,0,1,Group stage,1998,0
Belgium,Mexico,2,2,Group stage,1998,1
Netherlands,Korea Republic,5,0,Group stage,1998,2
Nigeria,Bulgaria,1,0,Group stage,1998,2
Spain,Paraguay,0,0,Group stage,1998,1
South Africa,Denmark,1,1,Group stage,1998,1
France,Saudi Arabia,4,0,Group stage,1998,2
Chile,Austria,1,1,Group stage,1998,1
Italy,Cameroon,3,0,Group stage,1998,2
Scotland,Norway,1,1,Group stage,1998,1
Brazil,Morocco,3,0,Group stage,1998,2
England,Tunisia,2,0,Group stage,1998,2
Romania,Colombia,1,0,Group stage,1998,2
Germany,United States,2,0,Group stage,1998,2
Argentina,Japan,1,0,Group stage,1998,2
FR Yugoslavia,IR Iran,1,0,Group stage,1998,2
Jamaica,Croatia,1,3,Group stage,1998,0
Spain,Nigeria,2,3,Group stage,1998,0
Korea Republic,Mexico,1,3,Group stage,1998,0
Netherlands,Belgium,0,0,Group stage,1998,1
Paraguay,Bulgaria,0,0,Group stage,1998,1
Saudi Arabia,Denmark,0,1,Group stage,1998,0
France,South Africa,3,0,Group stage,1998,2
Italy,Chile,2,2,Group stage,1998,1
Cameroon,Austria,1,1,Group stage,1998,1
Brazil,Scotland,2,1,Group stage,1998,2
Morocco,Norway,2,2,Group stage,1998,1
Brazil,Italy,0,0,Final,1994,1
Sweden,Bulgaria,4,0,Third-place match,1994,2
Bulgaria,Italy,1,2,Semi-finals,1994,0
Sweden,Brazil,0,1,Semi-finals,1994,0
Bulgaria,Germany,2,1,Quarter-finals,1994,2
Romania,Sweden,2,2,Quarter-finals,1994,1
Italy,Spain,2,1,Quarter-finals,1994,2
Netherlands,Brazil,2,3,Quarter-finals,1994,0
Nigeria,Italy,1,2,Round of 16,1994,0
Mexico,Bulgaria,1,1,Round of 16,1994,1
Netherlands,Republic of Ireland,2,0,Round of 16,1994,2
Brazil,United States,1,0,Round of 16,1994,2
Saudi Arabia,Sweden,1,3,Round of 16,1994,0
Romania,Argentina,3,2,Round of 16,1994,2
Germany,Belgium,3,2,Round of 16,1994,2
Spain,Switzerland,3,0,Round of 16,1994,2
Greece,Nigeria,0,2,Group stage,1994,0
Argentina,Bulgaria,0,2,Group stage,1994,0
Morocco,Netherlands,1,2,Group stage,1994,0
Belgium,Saudi Arabia,0,1,Group stage,1994,0
Italy,Mexico,1,1,Group stage,1994,1
Republic of Ireland,Norway,0,0,Group stage,1994,1
Russia,Cameroon,6,1,Group stage,1994,2
Brazil,Sweden,1,1,Group stage,1994,1
Germany,Korea Republic,3,2,Group stage,1994,2
Bolivia,Spain,1,3,Group stage,1994,0
Bulgaria,Greece,4,0,Group stage,1994,2
United States,Romania,0,1,Group stage,1994,0
Switzerland,Colombia,0,2,Group stage,1994,0
Belgium,Netherlands,1,0,Group stage,1994,2
Saudi Arabia,Morocco,2,1,Group stage,1994,2
Argentina,Nigeria,2,1,Group stage,1994,2
Mexico,Republic of Ireland,2,1,Group stage,1994,2
Brazil,Cameroon,3,0,Group stage,1994,2
Sweden,Russia,3,1,Group stage,1994,2
Italy,Norway,1,0,Group stage,1994,2
Korea Republic,Bolivia,0,0,Group stage,1994,1
Romania,Switzerland,1,4,Group stage,1994,0
United States,Colombia,2,1,Group stage,1994,2
Argentina,Greece,4,0,Group stage,1994,2
Germany,Spain,1,1,Group stage,1994,1
Nigeria,Bulgaria,3,0,Group stage,1994,2
Brazil,Russia,2,0,Group stage,1994,2
Netherlands,Saudi Arabia,2,1,Group stage,1994,2
Belgium,Morocco,1,0,Group stage,1994,2
Norway,Mexico,1,0,Group stage,1994,2
Cameroon,Sweden,2,2,Group stage,1994,1
United States,Switzerland,1,1,Group stage,1994,1
Italy,Republic of Ireland,0,1,Group stage,1994,0
Colombia,Romania,1,3,Group stage,1994,0
Germany,Bolivia,1,0,Group stage,1994,2
Spain,Korea Republic,2,2,Group stage,1994,1
West Germany,Argentina,1,0,Final,1990,2
Italy,England,2,1,Third-place match,1990,2
West Germany,England,1,1,Semi-finals,1990,1
Italy,Argentina,1,1,Semi-finals,1990,1
West Germany,Czechoslovakia,1,0,Quarter-finals,1990,2
England,Cameroon,3,2,Quarter-finals,1990,2
Yugoslavia,Argentina,0,0,Quarter-finals,1990,1
Italy,Republic of Ireland,1,0,Quarter-finals,1990,2
Spain,Yugoslavia,1,2,Round of 16,1990,0
England,Belgium,1,0,Round of 16,1990,2
Republic of Ireland,Romania,0,0,Round of 16,1990,1
Italy,Uruguay,2,0,Round of 16,1990,2
Brazil,Argentina,0,1,Round of 16,1990,0
West Germany,Netherlands,2,1,Round of 16,1990,2
Cameroon,Colombia,2,1,Round of 16,1990,2
Czechoslovakia,Costa Rica,4,1,Round of 16,1990,2
Belgium,Spain,1,2,Group stage,1990,0
Korea Republic,Uruguay,0,1,Group stage,1990,0
Republic of Ireland,Netherlands,1,1,Group stage,1990,1
England,Egypt,1,0,Group stage,1990,2
Sweden,Costa Rica,1,2,Group stage,1990,0
Brazil,Scotland,1,0,Group stage,1990,2
West Germany,Colombia,1,1,Group stage,1990,1
Yugoslavia,United Arab Emirates,4,1,Group stage,1990,2
Austria,United States,2,1,Group stage,1990,2
Italy,Czechoslovakia,2,0,Group stage,1990,2
Argentina,Romania,1,1,Group stage,1990,1
Cameroon,Soviet Union,0,4,Group stage,1990,0
Republic of Ireland,Egypt,0,0,Group stage,1990,1
Belgium,Uruguay,3,1,Group stage,1990,2
Korea Republic,Spain,1,3,Group stage,1990,0
Brazil,Costa Rica,1,0,Group stage,1990,2
England,Netherlands,0,0,Group stage,1990,1
Sweden,Scotland,1,2,Group stage,1990,0
Austria,Czechoslovakia,0,1,Group stage,1990,0
West Germany,United Arab Emirates,5,1,Group stage,1990,2
Yugoslavia,Colombia,1,0,Group stage,1990,2
Cameroon,Romania,2,1,Group stage,1990,2
Italy,United States,1,0,Group stage,1990,2
Uruguay,Spain,0,0,Group stage,1990,1
Argentina,Soviet Union,2,0,Group stage,1990,2
Belgium,Korea Republic,2,0,Group stage,1990,2
Netherlands,Egypt,1,1,Group stage,1990,1
Costa Rica,Scotland,1,0,Group stage,1990,2
England,Republic of Ireland,1,1,Group stage,1990,1
United States,Czechoslovakia,1,5,Group stage,1990,0
West Germany,Yugoslavia,4,1,Group stage,1990,2
Brazil,Sweden,2,1,Group stage,1990,2
United Arab Emirates,Colombia,0,2,Group stage,1990,0
Soviet Union,Romania,0,2,Group stage,1990,0
Italy,Austria,1,0,Group stage,1990,2
Argentina,Cameroon,0,1,Group stage,1990,0
Argentina,West Germany,3,2,Final,1986,2
France,Belgium,4,2,Third-place match,1986,2
France,West Germany,0,2,Semi-finals,1986,0
Argentina,Belgium,2,0,Semi-finals,1986,2
Argentina,England,2,1,Quarter-finals,1986,2
Spain,Belgium,1,1,Quarter-finals,1986,1
Brazil,France,1,1,Quarter-finals,1986,1
West Germany,Mexico,0,0,Quarter-finals,1986,1
England,Paraguay,3,0,Round of 16,1986,2
Denmark,Spain,1,5,Round of 16,1986,0
Italy,France,0,2,Round of 16,1986,0
Morocco,West Germany,0,1,Round of 16,1986,0
Brazil,Poland,4,0,Round of 16,1986,2
Argentina,Uruguay,1,0,Round of 16,1986,2
Mexico,Bulgaria,2,0,Round of 16,1986,2
Soviet Union,Belgium,3,4,Round of 16,1986,0
Scotland,Uruguay,0,0,Group stage,1986,1
Denmark,West Germany,2,0,Group stage,1986,2
Algeria,Spain,0,3,Group stage,1986,0
Northern Ireland,Brazil,0,3,Group stage,1986,0
Paraguay,Belgium,2,2,Group stage,1986,1
Iraq,Mexico,0,1,Group stage,1986,0
England,Poland,3,0,Group stage,1986,2
Portugal,Morocco,1,3,Group stage,1986,0
Argentina,Bulgaria,2,0,Group stage,1986,2
Korea Republic,Italy,2,3,Group stage,1986,0
Soviet Union,Canada,2,0,Group stage,1986,2
Hungary,France,0,3,Group stage,1986,0
West Germany,Scotland,2,1,Group stage,1986,2
Iraq,Belgium,1,2,Group stage,1986,0
Denmark,Uruguay,6,1,Group stage,1986,2
Mexico,Paraguay,1,1,Group stage,1986,1
Northern Ireland,Spain,1,2,Group stage,1986,0
Poland,Portugal,1,0,Group stage,1986,2
Brazil,Algeria,1,0,Group stage,1986,2
Hungary,Canada,2,0,Group stage,1986,2
England,Morocco,0,0,Group stage,1986,1
Italy,Argentina,1,1,Group stage,1986,1
France,Soviet Union,1,1,Group stage,1986,1
Korea Republic,Bulgaria,1,1,Group stage,1986,1
Paraguay,Iraq,1,0,Group stage,1986,2
Uruguay,West Germany,1,1,Group stage,1986,1
Scotland,Denmark,0,1,Group stage,1986,0
Belgium,Mexico,1,2,Group stage,1986,0
Algeria,Northern Ireland,1,1,Group stage,1986,1
Portugal,England,1,0,Group stage,1986,2
Soviet Union,Hungary,6,0,Group stage,1986,2
Argentina,Korea Republic,3,1,Group stage,1986,2
Morocco,Poland,0,0,Group stage,1986,1
Spain,Brazil,0,1,Group stage,1986,0
Canada,France,0,1,Group stage,1986,0
Bulgaria,Italy,1,1,Group stage,1986,1
Italy,West Germany,3,1,Final,1982,2
Poland,France,3,2,Third-place match,1982,2
Poland,Italy,0,2,Semi-finals,1982,0
West Germany,France,3,3,Semi-finals,1982,1
Italy,Brazil,3,2,Second group stage,1982,2
Spain,England,0,0,Second group stage,1982,1
France,Northern Ireland,4,1,Second group stage,1982,2
Poland,Soviet Union,0,0,Second group stage,1982,1
Argentina,Brazil,1,3,Second group stage,1982,0
West Germany,Spain,2,1,Second group stage,1982,2
Austria,Northern Ireland,2,2,Second group stage,1982,1
Belgium,Soviet Union,0,1,Second group stage,1982,0
Italy,Argentina,2,1,Second group stage,1982,2
West Germany,England,0,0,Second group stage,1982,1
Austria,France,0,1,Second group stage,1982,0
Poland,Belgium,3,0,Second group stage,1982,2
England,Kuwait,1,0,First group stage,1982,2
West Germany,Austria,1,0,First group stage,1982,2
Northern Ireland,Spain,1,0,First group stage,1982,2
France,Czechoslovakia,1,1,First group stage,1982,1
Algeria,Chile,3,2,First group stage,1982,2
Honduras,Yugoslavia,0,1,First group stage,1982,0
Italy,Cameroon,1,1,First group stage,1982,1
Argentina,El Salvador,2,0,First group stage,1982,2
Brazil,New Zealand,4,0,First group stage,1982,2
Poland,Peru,5,1,First group stage,1982,2
Belgium,Hungary,1,1,First group stage,1982,1
Soviet Union,Scotland,2,2,First group stage,1982,1
Algeria,Austria,0,2,First group stage,1982,0
France,Kuwait,4,1,First group stage,1982,2
Honduras,Northern Ireland,1,1,First group stage,1982,1
West Germany,Chile,4,1,First group stage,1982,2
England,Czechoslovakia,2,0,First group stage,1982,2
Spain,Yugoslavia,2,1,First group stage,1982,2
Poland,Cameroon,0,0,First group stage,1982,1
Soviet Union,New Zealand,3,0,First group stage,1982,2
Belgium,El Salvador,1,0,First group stage,1982,2
Italy,Peru,1,1,First group stage,1982,1
Brazil,Scotland,4,1,First group stage,1982,2
Argentina,Hungary,4,1,First group stage,1982,2
Chile,Austria,0,1,First group stage,1982,0
Czechoslovakia,Kuwait,1,1,First group stage,1982,1
Yugoslavia,Northern Ireland,0,0,First group stage,1982,1
England,France,3,1,First group stage,1982,2
West Germany,Algeria,1,2,First group stage,1982,0
Spain,Honduras,1,1,First group stage,1982,1
Peru,Cameroon,0,0,First group stage,1982,1
Hungary,El Salvador,10,1,First group stage,1982,2
Scotland,New Zealand,5,2,First group stage,1982,2
Italy,Poland,0,0,First group stage,1982,1
Brazil,Soviet Union,2,1,First group stage,1982,2
Argentina,Belgium,0,1,First group stage,1982,0
Argentina,Netherlands,3,1,Final,1978,2
Brazil,Italy,2,1,Third-place match,1978,2
Netherlands,Italy,2,1,Second round,1978,2
Austria,West Germany,3,2,Second round,1978,2
Brazil,Poland,3,1,Second round,1978,2
Argentina,Peru,6,0,Second round,1978,2
Poland,Peru,1,0,Second round,1978,2
West Germany,Netherlands,2,2,Second round,1978,1
Italy,Austria,1,0,Second round,1978,2
Argentina,Brazil,0,0,Second round,1978,1
Netherlands,Austria,5,1,Second round,1978,2
West Germany,Italy,0,0,Second round,1978,1
Brazil,Peru,3,0,Second round,1978,2
Argentina,Poland,2,0,Second round,1978,2
Brazil,Austria,1,0,First round,1978,2
Spain,Sweden,1,0,First round,1978,2
Peru,IR Iran,4,1,First round,1978,2
Scotland,Netherlands,3,2,First round,1978,2
France,Hungary,3,1,First round,1978,2
Poland,Mexico,3,1,First round,1978,2
West Germany,Tunisia,0,0,First round,1978,1
Italy,Argentina,1,0,First round,1978,2
Austria,Sweden,1,0,First round,1978,2
Brazil,Spain,0,0,First round,1978,1
Netherlands,Peru,0,0,First round,1978,1
Scotland,IR Iran,1,1,First round,1978,1
Italy,Hungary,3,1,First round,1978,2
West Germany,Mexico,6,0,First round,1978,2
Poland,Tunisia,1,0,First round,1978,2
Argentina,France,2,1,First round,1978,2
Sweden,Brazil,1,1,First round,1978,1
Austria,Spain,2,1,First round,1978,2
Peru,Scotland,3,1,First round,1978,2
Netherlands,IR Iran,3,0,First round,1978,2
Italy,France,2,1,First round,1978,2
Tunisia,Mexico,3,1,First round,1978,2
Argentina,Hungary,2,1,First round,1978,2
West Germany,Poland,0,0,First round,1978,1
Netherlands,West Germany,1,2,Final,1974,0
Brazil,Poland,0,1,Third-place match,1974,0
Poland,West Germany,0,1,Second round,1974,0
Netherlands,Brazil,2,0,Second round,1974,2
Argentina,Germany DR,1,1,Second round,1974,1
Sweden,Yugoslavia,2,1,Second round,1974,2
Poland,Yugoslavia,2,1,Second round,1974,2
Argentina,Brazil,1,2,Second round,1974,0
Germany DR,Netherlands,0,2,Second round,1974,0
West Germany,Sweden,4,2,Second round,1974,2
Yugoslavia,West Germany,0,2,Second round,1974,0
Brazil,Germany DR,1,0,Second round,1974,2
Sweden,Poland,0,1,Second round,1974,0
Netherlands,Argentina,4,0,Second round,1974,2
Bulgaria,Netherlands,1,4,First round,1974,0
Poland,Italy,2,1,First round,1974,2
Sweden,Uruguay,3,0,First round,1974,2
Argentina,Haiti,4,1,First round,1974,2
Scotland,Yugoslavia,1,1,First round,1974,1
Australia,Chile,0,0,First round,1974,1
Zaire,Brazil,0,3,First round,1974,0
Germany DR,West Germany,1,0,First round,1974,2
Haiti,Poland,0,7,First round,1974,0
Bulgaria,Uruguay,1,1,First round,1974,1
Netherlands,Sweden,0,0,First round,1974,1
Argentina,Italy,1,1,First round,1974,1
Australia,West Germany,0,3,First round,1974,0
Yugoslavia,Zaire,9,0,First round,1974,2
Chile,Germany DR,1,1,First round,1974,1
Scotland,Brazil,0,0,First round,1974,1
Uruguay,Netherlands,0,2,First round,1974,0
Sweden,Bulgaria,0,0,First round,1974,1
Italy,Haiti,3,1,First round,1974,2
Poland,Argentina,3,2,First round,1974,2
West Germany,Chile,1,0,First round,1974,2
Germany DR,Australia,2,0,First round,1974,2
Zaire,Scotland,0,2,First round,1974,0
Brazil,Yugoslavia,0,0,First round,1974,1
Brazil,Italy,4,1,Final,1970,2
West Germany,Uruguay,1,0,Third-place match,1970,2
Italy,West Germany,4,3,Semi-finals,1970,2
Brazil,Uruguay,3,1,Semi-finals,1970,2
Brazil,Peru,4,2,Quarter-finals,1970,2
Italy,Mexico,4,1,Quarter-finals,1970,2
Uruguay,Soviet Union,1,0,Quarter-finals,1970,2
West Germany,England,3,2,Quarter-finals,1970,2
Mexico,Belgium,1,0,Group stage,1970,2
Italy,Israel,0,0,Group stage,1970,1
Bulgaria,Morocco,1,1,Group stage,1970,1
England,Czechoslovakia,1,0,Group stage,1970,2
West Germany,Peru,3,1,Group stage,1970,2
Brazil,Romania,3,2,Group stage,1970,2
Sweden,Uruguay,1,0,Group stage,1970,2
Soviet Union,El Salvador,2,0,Group stage,1970,2
Mexico,El Salvador,4,0,Group stage,1970,2
Brazil,England,1,0,Group stage,1970,2
West Germany,Bulgaria,5,2,Group stage,1970,2
Sweden,Israel,1,1,Group stage,1970,1
Romania,Czechoslovakia,2,1,Group stage,1970,2
Uruguay,Italy,0,0,Group stage,1970,1
Soviet Union,Belgium,4,1,Group stage,1970,2
Peru,Morocco,3,0,Group stage,1970,2
Belgium,El Salvador,3,0,Group stage,1970,2
Brazil,Czechoslovakia,4,1,Group stage,1970,2
Italy,Sweden,1,0,Group stage,1970,2
West Germany,Morocco,2,1,Group stage,1970,2
England,Romania,1,0,Group stage,1970,2
Peru,Bulgaria,3,2,Group stage,1970,2
Uruguay,Israel,2,0,Group stage,1970,2
Mexico,Soviet Union,0,0,Group stage,1970,1
England,West Germany,4,2,Final,1966,2
Portugal,Soviet Union,2,1,Third-place match,1966,2
England,Portugal,2,1,Semi-finals,1966,2
West Germany,Soviet Union,2,1,Semi-finals,1966,2
Portugal,Korea DPR,5,3,Quarter-finals,1966,2
England,Argentina,1,0,Quarter-finals,1966,2
Soviet Union,Hungary,2,1,Quarter-finals,1966,2
West Germany,Uruguay,4,0,Quarter-finals,1966,2
England,France,2,0,Group stage,1966,2
Hungary,Bulgaria,3,1,Group stage,1966,2
West Germany,Spain,2,1,Group stage,1966,2
Soviet Union,Chile,2,1,Group stage,1966,2
Uruguay,Mexico,0,0,Group stage,1966,1
Argentina,Switzerland,2,0,Group stage,1966,2
Portugal,Brazil,3,1,Group stage,1966,2
Korea DPR,Italy,1,0,Group stage,1966,2
West Germany,Argentina,0,0,Group stage,1966,1
Soviet Union,Italy,1,0,Group stage,1966,2
Portugal,Bulgaria,3,0,Group stage,1966,2
England,Mexico,2,0,Group stage,1966,2
Spain,Switzerland,2,1,Group stage,1966,2
Uruguay,France,2,1,Group stage,1966,2
Hungary,Brazil,3,1,Group stage,1966,2
Korea DPR,Chile,1,1,Group stage,1966,1
Argentina,Spain,2,1,Group stage,1966,2
France,Mexico,1,1,Group stage,1966,1
Italy,Chile,2,0,Group stage,1966,2
Portugal,Hungary,3,1,Group stage,1966,2
Brazil,Bulgaria,2,0,Group stage,1966,2
Soviet Union,Korea DPR,3,0,Group stage,1966,2
West Germany,Switzerland,5,0,Group stage,1966,2
England,Uruguay,0,0,Group stage,1966,1
Brazil,Czechoslovakia,3,1,Final,1962,2
Chile,Yugoslavia,1,0,Third-place match,1962,2
Brazil,Chile,4,2,Semi-finals,1962,2
Czechoslovakia,Yugoslavia,3,1,Semi-finals,1962,2
Chile,Soviet Union,2,1,Quarter-finals,1962,2
Brazil,England,3,1,Quarter-finals,1962,2
Czechoslovakia,Hungary,1,0,Quarter-finals,1962,2
Yugoslavia,West Germany,1,0,Quarter-finals,1962,2
England,Bulgaria,0,0,Group stage,1962,1
Mexico,Czechoslovakia,3,1,Group stage,1962,2
Italy,Switzerland,3,0,Group stage,1962,2
Yugoslavia,Colombia,5,0,Group stage,1962,2
West Germany,Chile,2,0,Group stage,1962,2
Soviet Union,Uruguay,2,1,Group stage,1962,2
Hungary,Argentina,0,0,Group stage,1962,1
Brazil,Spain,2,1,Group stage,1962,2
Spain,Mexico,1,0,Group stage,1962,2
Soviet Union,Colombia,4,4,Group stage,1962,1
Hungary,Bulgaria,6,1,Group stage,1962,2
West Germany,Switzerland,2,1,Group stage,1962,2
Chile,Italy,2,0,Group stage,1962,2
Brazil,Czechoslovakia,0,0,Group stage,1962,1
England,Argentina,3,1,Group stage,1962,2
Yugoslavia,Uruguay,3,1,Group stage,1962,2
West Germany,Italy,0,0,Group stage,1962,1
Hungary,England,2,1,Group stage,1962,2
Czechoslovakia,Spain,1,0,Group stage,1962,2
Soviet Union,Yugoslavia,2,0,Group stage,1962,2
Chile,Switzerland,3,1,Group stage,1962,2
Uruguay,Colombia,2,1,Group stage,1962,2
Brazil,Mexico,2,0,Group stage,1962,2
Argentina,Bulgaria,1,0,Group stage,1962,2
Brazil,Sweden,5,2,Final,1958,2
France,West Germany,6,3,Third-place match,1958,2
Sweden,West Germany,3,1,Semi-finals,1958,2
Brazil,France,5,2,Semi-finals,1958,2
France,Northern Ireland,4,0,Quarter-finals,1958,2
West Germany,Yugoslavia,1,0,Quarter-finals,1958,2
Brazil,Wales,1,0,Quarter-finals,1958,2
Sweden,Soviet Union,2,0,Quarter-finals,1958,2
Northern Ireland,Czechoslovakia,2,1,Group stage play-off,1958,2
Wales,Hungary,2,1,Group stage play-off,1958,2
Soviet Union,England,1,0,Group stage play-off,1958,2
Sweden,Wales,0,0,Group stage,1958,1
Paraguay,Yugoslavia,3,3,Group stage,1958,1
West Germany,Northern Ireland,2,2,Group stage,1958,1
Czechoslovakia,Argentina,6,1,Group stage,1958,2
England,Austria,2,2,Group stage,1958,1
Brazil,Soviet Union,2,0,Group stage,1958,2
Hungary,Mexico,4,0,Group stage,1958,2
France,Scotland,2,1,Group stage,1958,2
Sweden,Hungary,2,1,Group stage,1958,2
Soviet Union,Austria,2,0,Group stage,1958,2
West Germany,Czechoslovakia,2,2,Group stage,1958,1
Argentina,Northern Ireland,3,1,Group stage,1958,2
Yugoslavia,France,3,2,Group stage,1958,2
Paraguay,Scotland,3,2,Group stage,1958,2
Brazil,England,0,0,Group stage,1958,1
Mexico,Wales,1,1,Group stage,1958,1
Sweden,Mexico,3,0,Group stage,1958,2
Northern Ireland,Czechoslovakia,1,0,Group stage,1958,2
Hungary,Wales,1,1,Group stage,1958,1
Yugoslavia,Scotland,1,1,Group stage,1958,1
Brazil,Austria,3,0,Group stage,1958,2
Soviet Union,England,2,2,Group stage,1958,1
France,Paraguay,7,3,Group stage,1958,2
Argentina,West Germany,1,3,Group stage,1958,0
Germany,Hungary,3,2,Final,1954,2
Austria,Uruguay,3,1,Third-place match,1954,2
Hungary,Uruguay,4,2,Semi-finals,1954,2
Germany,Austria,6,1,Semi-finals,1954,2
Germany,Yugoslavia,2,0,Quarter-finals,1954,2
Hungary,Brazil,4,2,Quarter-finals,1954,2
Uruguay,England,4,2,Quarter-finals,1954,2
Switzerland,Austria,5,7,Quarter-finals,1954,0
Germany,Türkiye,7,2,Group stage play-off,1954,2
Switzerland,Italy,4,1,Group stage play-off,1954,2
Hungary,Germany,8,3,Group stage,1954,2
Türkiye,Korea Republic,7,0,Group stage,1954,2
Italy,Belgium,4,1,Group stage,1954,2
Switzerland,England,0,2,Group stage,1954,0
Uruguay,Scotland,7,0,Group stage,1954,2
Brazil,Yugoslavia,1,1,Group stage,1954,1
Austria,Czechoslovakia,5,0,Group stage,1954,2
France,Mexico,3,2,Group stage,1954,2
Switzerland,Italy,2,1,Group stage,1954,2
Hungary,Korea Republic,9,0,Group stage,1954,2
Germany,Türkiye,4,1,Group stage,1954,2
England,Belgium,4,4,Group stage,1954,1
Uruguay,Czechoslovakia,2,0,Group stage,1954,2
Yugoslavia,France,1,0,Group stage,1954,2
Brazil,Mexico,5,0,Group stage,1954,2
Austria,Scotland,1,0,Group stage,1954,2
Sweden,Spain,3,1,Final stage,1950,2
Uruguay,Brazil,2,1,Final stage,1950,2
Brazil,Spain,6,1,Final stage,1950,2
Uruguay,Sweden,3,2,Final stage,1950,2
Brazil,Sweden,7,1,Final stage,1950,2
Uruguay,Spain,2,2,Final stage,1950,1
Chile,United States,5,2,Group stage,1950,2
Italy,Paraguay,2,0,Group stage,1950,2
Uruguay,Bolivia,8,0,Group stage,1950,2
Spain,England,1,0,Group stage,1950,2
Switzerland,Mexico,2,1,Group stage,1950,2
Brazil,Yugoslavia,2,0,Group stage,1950,2
Spain,Chile,2,0,Group stage,1950,2
United States,England,1,0,Group stage,1950,2
Sweden,Paraguay,2,2,Group stage,1950,1
Brazil,Switzerland,2,2,Group stage,1950,1
Yugoslavia,Mexico,4,1,Group stage,1950,2
Sweden,Italy,3,2,Group stage,1950,2
England,Chile,2,0,Group stage,1950,2
Spain,United States,3,1,Group stage,1950,2
Yugoslavia,Switzerland,3,0,Group stage,1950,2
Brazil,Mexico,4,0,Group stage,1950,2
Brazil,Sweden,4,2,Third-place match,1938,2
Italy,Hungary,4,2,Final,1938,2
Hungary,Sweden,5,1,Semi-finals,1938,2
Italy,Brazil,2,1,Semi-finals,1938,2
Brazil,Czechoslovakia,2,1,Quarter-finals,1938,2
Sweden,Cuba,8,0,Quarter-finals,1938,2
Brazil,Czechoslovakia,1,1,Quarter-finals,1938,1
Hungary,Switzerland,2,0,Quarter-finals,1938,2
Italy,France,3,1,Quarter-finals,1938,2
Switzerland,Germany,4,2,Round of 16,1938,2
Cuba,Romania,2,1,Round of 16,1938,2
Italy,Norway,2,1,Round of 16,1938,2
Cuba,Romania,3,3,Round of 16,1938,1
Hungary,Dutch East Indies,6,0,Round of 16,1938,2
France,Belgium,3,1,Round of 16,1938,2
Brazil,Poland,6,5,Round of 16,1938,2
Czechoslovakia,Netherlands,3,0,Round of 16,1938,2
Switzerland,Germany,1,1,Round of 16,1938,1
Italy,Czechoslovakia,2,1,Final,1934,2
Germany,Austria,3,2,Third-place match,1934,2
Czechoslovakia,Germany,3,1,Semi-finals,1934,2
Italy,Austria,1,0,Semi-finals,1934,2
Italy,Spain,1,0,Quarter-finals,1934,2
Austria,Hungary,2,1,Quarter-finals,1934,2
Czechoslovakia,Switzerland,3,2,Quarter-finals,1934,2
Italy,Spain,1,1,Quarter-finals,1934,1
Germany,Sweden,2,1,Quarter-finals,1934,2
Czechoslovakia,Romania,2,1,Round of 16,1934,2
Hungary,Egypt,4,2,Round of 16,1934,2
Austria,France,3,2,Round of 16,1934,2
Switzerland,Netherlands,3,2,Round of 16,1934,2
Sweden,Argentina,3,2,Round of 16,1934,2
Spain,Brazil,3,1,Round of 16,1934,2
Germany,Belgium,5,2,Round of 16,1934,2
Italy,United States,7,1,Round of 16,1934,2
Uruguay,Argentina,4,2,Final,1930,2
Uruguay,Yugoslavia,6,1,Semi-finals,1930,2
Argentina,United States,6,1,Semi-finals,1930,2
Argentina,Chile,3,1,Group stage,1930,2
Uruguay,Romania,4,0,Group stage,1930,2
Brazil,Bolivia,4,0,Group stage,1930,2
Paraguay,Belgium,1,0,Group stage,1930,2
Chile,France,1,0,Group stage,1930,2
Argentina,Mexico,6,3,Group stage,1930,2
Uruguay,Peru,1,0,Group stage,1930,2
Yugoslavia,Bolivia,4,0,Group stage,1930,2
United States,Paraguay,3,0,Group stage,1930,2
Chile,Mexico,3,0,Group stage,1930,2
Argentina,France,1,0,Group stage,1930,2
Yugoslavia,Brazil,2,1,Group stage,1930,2
Romania,Peru,3,1,Group stage,1930,2
United States,Belgium,3,0,Group stage,1930,2
France,Mexico,4,1,Group stage,1930,2
